Model,RMSE,R²,MAE,Direction_Accuracy,Correlation,Combined_Score
Final_Model,0.027380570233038602,-0.5663791795600772,0.021477365316933034,45.45454545454545,0.00929938351766746,0.01190442795015867
