,val_accuracy,test_accuracy,val_auc,test_auc,primary_metric
Logistic_Regression,0.5051546391752577,0.5604113110539846,0.5109572626814006,0.5717744080872573,0.5051546391752577
Random_Forest,0.5335051546391752,0.5167095115681234,0.5470110504593264,0.5210428305400372,0.5335051546391752
LightGBM,0.5257731958762887,0.4832904884318766,0.5325788843030222,0.47674913540835323,0.5257731958762887
XGBoost,0.5025773195876289,0.4910025706940874,0.529010784183198,0.48797552540569306,0.5025773195876289
