,val_accuracy,test_accuracy,val_auc,test_auc,val_precision,val_recall,val_f1,val_confusion_matrix,test_confusion_matrix,primary_metric,training_time
Logistic_Regression,0.4832904884318766,0.5167095115681234,0.5136022017571715,0.5572301967038809,0.4862821477082655,0.4832904884318766,0.479350045090504,"[[80, 121], [80, 108]]","[[115, 65], [123, 86]]",0.4832904884318766,0.02622079849243164
Random_Forest,0.5398457583547558,0.5552699228791774,0.558642955435588,0.570334928229665,0.554733907829087,0.5398457583547558,0.5235204821601631,"[[72, 129], [50, 138]]","[[113, 67], [106, 103]]",0.5398457583547558,0.30863213539123535
Gradient_Boosting,0.4987146529562982,0.5578406169665809,0.5311209907907273,0.5598883572567783,0.49965848726789136,0.4987146529562982,0.4987875349036997,"[[98, 103], [92, 96]]","[[114, 66], [106, 103]]",0.4987146529562982,2.462836980819702
LightGBM,0.5038560411311054,0.5347043701799485,0.5499894146289828,0.5501594896331738,0.5080634415729355,0.5038560411311054,0.4991024711944386,"[[82, 119], [74, 114]]","[[107, 73], [108, 101]]",0.5038560411311054,0.9953029155731201
XGBoost,0.5295629820051414,0.532133676092545,0.5622949084365407,0.5510898458266879,0.5346632368206674,0.5295629820051414,0.5255285469647323,"[[88, 113], [70, 118]]","[[105, 75], [107, 102]]",0.5295629820051414,0.6703250408172607
SVM,0.5012853470437018,0.48586118251928023,0.5014422568011008,0.5276581605528974,0.4829103223254894,0.5012853470437018,0.4373695666373586,"[[166, 35], [159, 29]]","[[152, 28], [172, 37]]",0.5012853470437018,0.6201338768005371
