,val_mse,val_mae,val_r2,val_rmse,test_mse,test_mae,test_r2,test_rmse,use_scaled
Linear_Regression,8.331480475190204e+17,40143554.02618772,-2.373601138734432e+21,912769438.3134333,1.3484859029917747e+18,87305391.33730489,-2.8224523310926633e+21,1161243257.4580464,True
Ridge_Regression,0.004232464586697963,0.027516755907377347,-11.058100349098028,0.06505739455817426,0.0024955782783731804,0.032749680781782343,-4.223377354996022,0.04995576321480016,True
Lasso_Regression,0.00035579166272432734,0.013375155033678199,-0.013634369437084404,0.018862440529378147,0.0004779227162907983,0.01609480790516982,-0.00031752774306093023,0.02186144360033889,True
Random_Forest,0.0005112894319643596,0.017171274659410665,-0.45664048730280316,0.02261171006280506,0.0007709248690008264,0.022014003377796198,-0.6135865334455488,0.027765533832448213,False
Gradient_Boosting,0.0015554190630491975,0.030371162468403757,-3.431318623690987,0.03943880149103415,0.001761066186758827,0.03521177924976921,-2.6860046908894066,0.04196505911778067,False
XGBoost,0.0010150409777886919,0.02480883544509547,-1.891805877617863,0.03185970774801131,0.0014097382916914696,0.030797502088320255,-1.9506568209482031,0.03754648174851366,False
LightGBM,0.0004399061459961361,0.015423147349110489,-0.2532727312775298,0.02097393968705298,0.0005713659529463055,0.018085028953403314,-0.19589916529525464,0.023903262391278424,False
SVR,0.0005591601199473025,0.0185438358512768,-0.5930219141652597,0.023646566768715124,0.0006548426284778356,0.02020588769248504,-0.3706202631748148,0.025589893092348697,True
